nom,prix,kilometrage,lien
Toyota Supra 3.0i Targa,"€ 15 990,-",206 580 km,https://www.autoscout24.fr/offres/toyota-supra-3-0i-targa-essence-rouge-84783eb6-5114-42e6-813b-dc57a446d30f
"Toyota Supra 3.0 Legend Premium Paket, 420PS, H&R Feder","€ 60 489,-",4 900 km,https://www.autoscout24.fr/offres/toyota-supra-3-0-legend-premium-paket-420ps-h-r-feder-essence-noir-30c5add3-c934-4fd4-b51f-1b4bea650c1e
"Toyota Supra 3.0 Legend Premium Paket, 420PS, H&R Feder","€ 60 489,-",4 900 km,https://www.autoscout24.fr/offres/toyota-supra-3-0-legend-premium-paket-420ps-h-r-feder-essence-noir-77874a36-1e75-4a67-8f3d-591e89457a02
"Toyota Supra 3.0 Legend Premium Paket, 420PS, H&R Feder","€ 60 489,-",4 900 km,https://www.autoscout24.fr/offres/toyota-supra-3-0-legend-premium-paket-420ps-h-r-feder-essence-noir-071c7065-91db-420e-8be9-e8c1deeebb3c
"Toyota Supra 3.0 Legend Premium Paket, 420PS, H&R Feder","€ 60 489,-",4 900 km,https://www.autoscout24.fr/offres/toyota-supra-3-0-legend-premium-paket-420ps-h-r-feder-essence-noir-5d05026f-eef5-4f18-9a60-9d72975a80d6
"Toyota Supra GR 3.0 LegendSystème de navigation, Phares Full LED, Caméra d'aide au stationnement, Airbag avant, Compatible E-10, Détection des panneaux routiers, Verrouillage centralisé sans clé, Sièges chauffants","€ 59 990,-",18 500 km,https://www.autoscout24.fr/offres/toyota-supra-gr-3-0-legend-essence-rouge-0627d12c-de6b-4d6e-b0ca-f0aafc2deaa9
"Toyota Supra GR 3.0 Legend, Navi, ACC, LED","€ 67 190,-",1 950 km,https://www.autoscout24.fr/offres/toyota-supra-gr-3-0-legend-navi-acc-led-essence-bleu-c8bb2dcd-fe90-4197-a3fe-2c2ae188a1a7
"Toyota Supra GR Legend 3.0, Head-up-Display, JBL Premium Sound","€ 66 790,-",5 000 km,https://www.autoscout24.fr/offres/toyota-supra-gr-legend-3-0-head-up-display-jbl-premium-sound-essence-gris-9c1d2147-cb1e-422b-a10b-3a7cff771ae1
Toyota Supra Legend 3.0 *6-Gang -Leder-JBL* ACC FLA ParkAss. el,"€ 68 960,-",7 500 km,https://www.autoscout24.fr/offres/toyota-supra-legend-3-0-6-gang-leder-jbl-acc-fla-parkass-el-essence-gris-240499cf-a90b-4187-a673-0857a848e251
Toyota Supra GR 3.0 Legend,"€ 59 980,-",12 850 km,https://www.autoscout24.fr/offres/toyota-supra-gr-3-0-legend-essence-rouge-0013f6e0-c683-48c5-9b50-b7969a6d6eaa
Toyota Supra GR Supra 3.0 Legend - 6-GANG SCHALTER - SOFORT -,"€ 65 950,-",1 000 km,https://www.autoscout24.fr/offres/toyota-supra-gr-supra-3-0-legend-6-gang-schalter-sofort-essence-bleu-1b417b30-5738-44eb-bf3a-60a6900e2c56
"Toyota Supra GR Basis 2.0 EU6d-T Leder LED Navi Keyless AD Dyn.Sièges électriques, Détecteur de pluie, Volant chauffant, Système d'appel d'urgence, Écran multifonction entièrement numérique, Suspension sport, Détection des panneaux routiers, Système d'aide au stationnement automatique","€ 47 900,-",18 251 km,https://www.autoscout24.fr/offres/toyota-supra-gr-basis-2-0-eu6d-t-leder-led-navi-keyless-ad-dyn-essence-gris-b49ebadc-61b5-404e-aeaf-35706212f036
Toyota Supra 3.0 Premium Paket**LEGEND**AC Schnitzer HUD,"€ 68 190,-",5 280 km,https://www.autoscout24.fr/offres/toyota-supra-3-0-premium-paket-legend-ac-schnitzer-hud-essence-noir-e7cb03ef-0642-4ecc-b0f2-00ffbb17625f
Toyota Supra GR 3.0 Legend +AC-Schnitzer +SOFORT,"€ 64 880,-",3 500 km,https://www.autoscout24.fr/offres/toyota-supra-gr-3-0-legend-ac-schnitzer-sofort-essence-a0871a68-7f5e-4dc2-8a2a-bc00de3c03bd
"Toyota Supra 3.0 Legend Navi,HeadUp Display, 19 Zoll","€ 61 990,-",9 500 km,https://www.autoscout24.fr/offres/toyota-supra-3-0-legend-navi-headup-display-19-zoll-essence-noir-4a080ed4-174f-4f0b-a567-74f1dc51b8b7
Toyota Supra 3,"€ 14 990,-",205 425 km,https://www.autoscout24.fr/offres/toyota-supra-3-essence-rouge-77e9fe18-a563-40a7-b2fe-6f8a5ad48305
Toyota Supra GR 2.0 Fuji Speedway Limited Edt.,"€ 44 990,-",42 100 km,https://www.autoscout24.fr/offres/toyota-supra-gr-2-0-fuji-speedway-limited-edt-essence-blanc-c6a9789d-805b-4a18-993e-e61a982b87c9
Toyota Supra GR 3.0 Legend mit Premium-Paket,"€ 59 890,-",9 300 km,https://www.autoscout24.fr/offres/toyota-supra-gr-3-0-legend-mit-premium-paket-essence-blanc-06af29bc-2497-4f20-88ab-3369f6780b1e
Toyota Supra GR Dynamic 2.0 EU6d Leder LED Navi Keyless Dyn. Ku,"€ 60 190,-",1 990 km,https://www.autoscout24.fr/offres/toyota-supra-gr-dynamic-2-0-eu6d-leder-led-navi-keyless-dyn-ku-essence-jaune-aabed938-c28c-45db-8e68-2805696a24f2
Toyota Supra GR 2.0 Dynamic Premium Paket***SOFORT VERFÜGBAR***,"€ 52 900,-",5 900 km,https://www.autoscout24.fr/offres/toyota-supra-gr-2-0-dynamic-premium-paket-essence-blanc-11daf2a2-8877-4bfe-ac2c-2adc1cea1a21
Toyota Supra 3.0 Legend *AC-Schnitzer* LED 2xKlima FLA,"€ 70 960,-",10 km,https://www.autoscout24.fr/offres/toyota-supra-3-0-legend-ac-schnitzer-led-2xklima-fla-essence-blanc-bfa80a76-cd70-4f56-8e9e-418b454c4368
Toyota Supra Legend *PremiumPaket*,"€ 61 890,-",15 km,https://www.autoscout24.fr/offres/toyota-supra-legend-premiumpaket-essence-bleu-ecafdc15-3a2f-4239-8c9c-10ff34d19922
Toyota Supra GR 3.0 Luxury,"€ 67 000,-",7 700 km,https://www.autoscout24.fr/offres/toyota-supra-gr-3-0-luxury-essence-rouge-8c765c8b-eb83-4e85-9372-79296d11916d
"Toyota Supra GR 3.0 Legend, Premium-Paket, LED","€ 69 990,-",10 km,https://www.autoscout24.fr/offres/toyota-supra-gr-3-0-legend-premium-paket-led-essence-blanc-62ea72ff-52e9-4c0a-b043-cc72f72175ec
Toyota Supra 2.0T 190kW(258CV) Pure Auto,"€ 48 990,-",0 km,https://www.autoscout24.fr/offres/toyota-supra-2-0t-190kw-258cv-pure-auto-essence-blanc-af78f1f5-13f5-4a08-9ed7-fa076d548d0b
Toyota Supra MKIV TwinTurbo*Rechtslenker*Japan-Import*,,133 405 km,https://www.autoscout24.fr/offres/toyota-supra-mkiv-twinturbo-rechtslenker-japan-import-essence-blanc-0e69c12d-8838-4350-b92d-affde356d0c5
Toyota Supra RZ Big Single,"€ 74 950,-",47 127 km,https://www.autoscout24.fr/offres/toyota-supra-rz-big-single-essence-rouge-eab0ff39-818a-4f59-ad87-647c8c8f6acc
Toyota Supra GR 3.0,"€ 59 500,-",10 300 km,https://www.autoscout24.fr/offres/toyota-supra-gr-3-0-essence-noir-4e6779c3-9bd7-457d-8d1b-a7e8ccf1f2a7
Toyota Supra 3.0i TC 24,"€ 10 450,-",184 972 km,https://www.autoscout24.fr/offres/toyota-supra-3-0i-tc-24-essence-gris-3f3afc92-46dc-4403-9675-2f7c6f6dea19
Toyota Supra GR 3.0 Legend *Premium Paket*HUD*Leder*JBL*,"€ 54 980,-",42 084 km,https://www.autoscout24.fr/offres/toyota-supra-gr-3-0-legend-premium-paket-hud-leder-jbl-essence-gris-98b58d35-ad12-490d-853f-9e7c15e3ab63
Toyota Supra GR 3.0 Legend *Premium-Paket*JBL*HUD*LED*,"€ 59 480,-",8 230 km,https://www.autoscout24.fr/offres/toyota-supra-gr-3-0-legend-premium-paket-jbl-hud-led-essence-noir-ca950024-2148-4574-9ecf-28fb764e5519
Toyota Supra Finazierung ohne Anzahlung möglich!,"€ 39 990,-",205 000 km,https://www.autoscout24.fr/offres/toyota-supra-essence-blanc-91d95c7d-7dec-4eec-8674-1d5ba08706e2
Toyota Supra GR 2.0 Dynamic *Premium*Leder*JBL*LED*HUD*,"€ 46 890,-",12 919 km,https://www.autoscout24.fr/offres/toyota-supra-gr-2-0-dynamic-premium-leder-jbl-led-hud-essence-blanc-d1a76b53-6abd-4307-8e10-7404d4c15f7a
Toyota Supra Supra GR 3.0 Legend+AC Schnitzer Paket+Schalter,"€ 70 710,-",3 500 km,https://www.autoscout24.fr/offres/toyota-supra-supra-gr-3-0-legend-ac-schnitzer-paket-schalter-essence-bleu-f9546853-191d-4eaf-8ea1-915872e3da72
Toyota Supra 3.0 GR Legend *Premium-Paket*LED*Navi*ACC*,"€ 67 390,-",3 500 km,https://www.autoscout24.fr/offres/toyota-supra-3-0-gr-legend-premium-paket-led-navi-acc-essence-bleu-46357bfb-76b3-491f-86e0-002979c120b5
Toyota Supra 3.0 Automatik GR Coupe Legend Premium-P.,"€ 66 990,-",0 km,https://www.autoscout24.fr/offres/toyota-supra-3-0-automatik-gr-coupe-legend-premium-p-essence-gris-fe27fbf0-0a40-4489-b490-cafc57a47935
Toyota Supra GR 3.0 Performance,"€ 77 050,-",- km,https://www.autoscout24.fr/offres/toyota-supra-gr-3-0-performance-essence-d9d34e0f-e899-4c0f-8e02-32608a9a2aa7
Toyota Supra GR 3.0 Legend Premium NLauto 5jaar fabrieksgaranti,"€ 73 899,-",5 618 km,https://www.autoscout24.fr/offres/toyota-supra-gr-3-0-legend-premium-nlauto-5jaar-fabrieksgaranti-essence-gris-f45eb076-850d-4c66-9c03-9cc54ecf9d25
Toyota Supra 3.0 340ch BVA,"€ 57 499,-",9 240 km,https://www.autoscout24.fr/offres/toyota-supra-3-0-340ch-bva-essence-d0e40e91-3842-420d-a784-bf4b8613920d
Toyota Supra GR 3.0 Limited Edition,"€ 80 050,-",- km,https://www.autoscout24.fr/offres/toyota-supra-gr-3-0-limited-edition-essence-1e4b832d-09eb-4495-b1c4-de1f5a98e0c0
Toyota Supra gr 3.0 special edition,"€ 71 900,-",- km,https://www.autoscout24.fr/offres/toyota-supra-gr-3-0-special-edition-essence-d30fc243-1c0d-4f11-81be-971ac08fa1a0
Toyota Supra GR 3.0 Legend *6 Gang Manuell*PremiumPaket*,"€ 68 990,-",1 500 km,https://www.autoscout24.fr/offres/toyota-supra-gr-3-0-legend-6-gang-manuell-premiumpaket-essence-gris-743a63d7-f3a3-460e-99f2-97e71a98eb91
Toyota Supra AUTO IN PRONTA CONSEGNA,"€ 55 400,-",- km,https://www.autoscout24.fr/offres/toyota-supra-auto-in-pronta-consegna-essence-44ab875d-5746-4fc6-806a-a740bb539dbd
Toyota Supra GR 2.0 Pure + Touring Pack Aut.,"€ 64 900,-",10 406 km,https://www.autoscout24.fr/offres/toyota-supra-gr-2-0-pure-touring-pack-aut-essence-f031ad86-bf30-478c-b355-0d1263297a3b
"Toyota Supra 3.0 PremiumRétroviseurs latéraux électriques, ESP, Caméra d'aide au stationnement, Sièges chauffants, Feux anti-brouillard, Vitres électriques, Airbag passager, Palettes de changement de vitesses","€ 54 900,-",5 000 km,https://www.autoscout24.fr/offres/toyota-supra-3-0-premium-essence-rouge-b0717d3b-83ba-47f1-9d77-d56f07fe5b80
Toyota Supra 2.0B GR A SZ-R- PROMO **PRONTA CONSEGNA**,"€ 57 200,-",- km,https://www.autoscout24.fr/offres/toyota-supra-2-0b-gr-a-sz-r-promo-pronta-consegna-essence-blanc-820c5fb4-c64c-4236-af4f-f43cd551a132
Toyota Supra GR 3.0 Legend *Premium Paket*Sofort*JBL*,"€ 64 590,-",0 km,https://www.autoscout24.fr/offres/toyota-supra-gr-3-0-legend-premium-paket-sofort-jbl-essence-gris-010a2d9c-b2e4-4f1b-8bf7-926e03dc100f
Toyota Supra GR 2.0 Pure,"€ 49 000,-",63 km,https://www.autoscout24.fr/offres/toyota-supra-gr-2-0-pure-essence-d10ce9f2-8791-48a0-b6ef-87da470f6f95
Toyota Supra GR 2.0 Pure + Touring Pack Aut.,"€ 60 152,-",- km,https://www.autoscout24.fr/offres/toyota-supra-gr-2-0-pure-touring-pack-aut-essence-eb03bcc5-633f-4c32-b1e2-a7a195a855a6
Toyota Supra GR 3.0 Legend *Premium*JBL*HUD*CarPlay*ACC*,"€ 54 880,-",15 206 km,https://www.autoscout24.fr/offres/toyota-supra-gr-3-0-legend-premium-jbl-hud-carplay-acc-essence-gris-f7eaa055-3919-4aa6-87b9-555ef91cc5b5
Toyota Supra GR 3.0 Luxury,"€ 54 500,-",44 248 km,https://www.autoscout24.fr/offres/toyota-supra-gr-3-0-luxury-essence-jaune-6e580f9f-e11b-4107-a8b7-f91b2bd415f4
Toyota Supra Supra 3.0i Single-turbo(Modificata) 330 CVGRUPPO FASSINA,"€ 79 000,-",122 808 km,https://www.autoscout24.fr/offres/toyota-supra-supra-3-0i-single-turbo-modificata-330-cv-essence-bleu-b400af93-86d6-442f-ae79-3cf6290c9da2
Toyota Supra 3.0i Twin Turbo Targa Big Single,"€ 58 950,-",232 264 km,https://www.autoscout24.fr/offres/toyota-supra-3-0i-twin-turbo-targa-big-single-essence-noir-fbf9e258-6862-49cf-ba9c-18cd16c7cd19
Toyota Supra GR 3.0 pack premium,"€ 60 990,-",15 647 km,https://www.autoscout24.fr/offres/toyota-supra-gr-3-0-pack-premium-essence-noir-1045611d-bef6-4068-b091-b097931405de
Toyota Supra 3.0 Legend Premium,"€ 55 999,-",36 874 km,https://www.autoscout24.fr/offres/toyota-supra-3-0-legend-premium-essence-bleu-9f47429c-9f43-4892-a3ca-5ada38a5411c
Toyota Supra Legend GR (A9),"€ 70 180,-",50 km,https://www.autoscout24.fr/offres/toyota-supra-legend-gr-a9-essence-gris-86db8a92-0e7b-405f-adc9-c4bd5ff7d8c5
Toyota Supra GR 3.0 Legend - Schaltgetriebe,"€ 65 555,-",12 km,https://www.autoscout24.fr/offres/toyota-supra-gr-3-0-legend-schaltgetriebe-essence-bleu-70a3be16-d51b-4ce9-9b39-fdea11402db3
Toyota Supra GR 3.0 Legend (JTSC) - Premium-Paket,"€ 65 290,-",10 km,https://www.autoscout24.fr/offres/toyota-supra-gr-3-0-legend-jtsc-premium-paket-essence-gris-df9f1138-422d-448d-9a23-c261def6e96b
Toyota Supra WEKTOR COMPETITION,"€ 28 999,-",2 500 km,https://www.autoscout24.fr/offres/toyota-supra-wektor-competition-essence-noir-7a6e05b5-a969-4ff1-8eea-20bad814b2dc
Toyota Supra 2JZ GTE / Widebody / Airlift / 740HP,"€ 65 000,-",95 000 km,https://www.autoscout24.fr/offres/toyota-supra-2jz-gte-widebody-airlift-740hp-essence-rouge-ef607960-811a-4416-b06c-071cccc95938
Toyota Supra 2JZ-GTE Single Turbo 6-speed manual,"€ 56 500,-",172 500 km,https://www.autoscout24.fr/offres/toyota-supra-2jz-gte-single-turbo-6-speed-manual-essence-noir-af959cab-d84b-4f4f-9016-89859839b32e
Toyota Supra Supra 3.0,"€ 60 000,-",90 000 km,https://www.autoscout24.fr/offres/toyota-supra-supra-3-0-essence-rouge-5ee1bedf-5faf-448e-a830-b0d8f9b36f4d
Toyota Supra mk4 2jz GTE 3.0 Turbo,"€ 51 999,-",160 000 km,https://www.autoscout24.fr/offres/toyota-supra-mk4-2jz-gte-3-0-turbo-essence-noir-a11fecf3-4c02-4b22-877a-41b86903ba08
Toyota Supra 3.0i Twin Turbo 2jzgte A/T,"€ 48 500,-",132 610 km,https://www.autoscout24.fr/offres/toyota-supra-3-0i-twin-turbo-2jzgte-a-t-essence-noir-70120328-357e-49eb-bd65-865c5bf27e38
Toyota Supra 3.0 2jz GE,"€ 46 000,-",225 000 km,https://www.autoscout24.fr/offres/toyota-supra-3-0-2jz-ge-essence-argent-21236903-fb5d-4b06-aa63-115b339e73c5
Toyota Supra ,"€ 46 700,-",110 000 km,https://www.autoscout24.fr/offres/toyota-supra-essence-rouge-5006a799-f404-42f3-99af-ab08e5836c0a
Toyota Supra 3.0i biturbo J,"€ 145 000,-",80 000 km,https://www.autoscout24.fr/offres/toyota-supra-3-0i-biturbo-j-essence-mauve-ef05d5b4-d52d-41b5-925a-6dc271c9d4bf
Toyota Supra 3.0i Targa,"€ 22 000,-",69 000 km,https://www.autoscout24.fr/offres/toyota-supra-3-0i-targa-essence-rouge-5d875f72-9ef1-4af6-9feb-7af9ceadcaeb
Toyota Supra 3.0i turbo,"€ 25 000,-",15 000 km,https://www.autoscout24.fr/offres/toyota-supra-3-0i-turbo-essence-blanc-55cc6cf3-4db1-4959-a434-2b0192cb1f2b
Toyota Supra 3liter I 6cyl,"€ 11 500,-",162 000 km,https://www.autoscout24.fr/offres/toyota-supra-3liter-i-6cyl-essence-rouge-31ddd51a-4272-4b54-bb01-3dec78665571
Toyota Supra GR 3.0,"€ 52 500,-",45 000 km,https://www.autoscout24.fr/offres/toyota-supra-gr-3-0-essence-bleu-ed6467b4-c0d0-4813-b5a6-9a5f299945fa
"Toyota Supra 1/900 Edition Premium Paket, JBL","€ 56 999,-",29 900 km,https://www.autoscout24.fr/offres/toyota-supra-1-900-edition-premium-paket-jbl-essence-gris-d52ec0ee-aa53-442e-84f0-196226d1897e
Toyota Supra Jza80 twinturbo manual 6 velocidades,"€ 50 000,-",150 000 km,https://www.autoscout24.fr/offres/toyota-supra-jza80-twinturbo-manual-6-velocidades-essence-bleu-883c4c9d-0554-48e4-9f57-418547e28926
Toyota Supra 3.0i turbo targa,"€ 11 500,-",128 480 km,https://www.autoscout24.fr/offres/toyota-supra-3-0i-turbo-targa-essence-argent-bcc2c331-707f-4fbb-84f6-ca89acca4807
Toyota Supra GR 3.0 Legend,"€ 52 900,-",26 755 km,https://www.autoscout24.fr/offres/toyota-supra-gr-3-0-legend-essence-noir-8db48afd-3ee7-44ff-88ed-3f38b26b5930
Toyota Supra toyota soarer 1jz gte,"€ 17 000,-",86 000 km,https://www.autoscout24.fr/offres/toyota-supra-toyota-soarer-1jz-gte-essence-blanc-2d1f8e20-1619-424b-b688-89b2dc7456d6
Toyota Supra MK4 / Boîte automatique / Volant à droite,"€ 33 900,-",132 000 km,https://www.autoscout24.fr/offres/toyota-supra-mk4-boite-automatique-volant-a-droite-essence-gris-fdff7210-7fac-4f24-92b3-81456b5360a4
Toyota Supra 3.0 Legend Premium | 1e Eigenaar | JBL | 19 inch L,"€ 54 900,-",20 431 km,https://www.autoscout24.fr/offres/toyota-supra-3-0-legend-premium-1e-eigenaar-jbl-19-inch-l-essence-gris-74228dce-d115-47dd-9ee1-11947d8a99bf
Toyota Supra GR 3.0 340PS Premium,"€ 58 000,-",28 800 km,https://www.autoscout24.fr/offres/toyota-supra-gr-3-0-340ps-premium-essence-gris-d897c67a-866e-4ca8-b266-44b80a7d664b
Toyota Supra 3.0 l  - 340 cv -,"€ 57 900,-",9 492 km,https://www.autoscout24.fr/offres/toyota-supra-3-0-l-340-cv-essence-noir-5f19d99c-2324-41a1-961d-088d39c3b47b
Toyota Supra MK4 / Boîte automatique / Volant à droite,"€ 33 900,-",132 000 km,https://www.autoscout24.fr/offres/toyota-supra-mk4-boite-automatique-volant-a-droite-essence-gris-b83ac1a8-2e00-4e5a-91fc-99fb4978ab06
Toyota Supra Sport,"€ 61 000,-",11 685 km,https://www.autoscout24.fr/offres/toyota-supra-sport-essence-gris-486d63d0-9db4-476b-a459-66e21eb0657b
Toyota Supra TURBO Mk3 TOP Zustand,"€ 17 488,-",165 000 km,https://www.autoscout24.fr/offres/toyota-supra-turbo-mk3-top-zustand-essence-blanc-936b8243-16b8-43e1-9467-aae753ce4d45
Toyota Supra Turbo Targa,"€ 14 500,-",192 000 km,https://www.autoscout24.fr/offres/toyota-supra-turbo-targa-essence-noir-710f09a7-531d-4e85-b1b1-b45ffc034b53
"Toyota Supra 3.0i Turbo, mooie auto, lage km stand","€ 13 950,-",148 279 km,https://www.autoscout24.fr/offres/toyota-supra-3-0i-turbo-mooie-auto-lage-km-stand-essence-blanc-94634ab8-f8b6-4368-86a8-a5c10877772d
Toyota Supra **NAVIGATION**,"€ 54 990,-",37 300 km,https://www.autoscout24.fr/offres/toyota-supra-navigation-essence-noir-dfd37833-80c0-4894-b1de-f1b47bc37c0a
Toyota Supra GR 3.0 Turbo Legend Coupe,"€ 76 995,-",850 km,https://www.autoscout24.fr/offres/toyota-supra-gr-3-0-turbo-legend-coupe-essence-noir-67009de6-9e7c-4ec3-b6c2-48af3d96a722
"Toyota Supra GR 3,0","€ 65 990,-",12 000 km,https://www.autoscout24.fr/offres/toyota-supra-gr-3-0-essence-jaune-95d4ec46-214d-4e8c-9b75-88907404db6b
Toyota Supra GR 3.0,"€ 52 500,-",38 200 km,https://www.autoscout24.fr/offres/toyota-supra-gr-3-0-essence-gris-fdb0b667-f1fa-4162-ac6c-bbbb8827625c
Toyota Supra 3.0 Turbo Sport,"€ 57 900,-",17 700 km,https://www.autoscout24.fr/offres/toyota-supra-3-0-turbo-sport-essence-jaune-7e3b2486-7f19-4b23-aedb-190ba28f3577
Toyota Supra 3.0 Legend Premium,"€ 65 950,-",5 000 km,https://www.autoscout24.fr/offres/toyota-supra-3-0-legend-premium-essence-noir-d3172b74-bf1a-460a-a1e0-03c97b73408b
Toyota Supra 3.0cc automatique GR,"€ 51 500,-",6 800 km,https://www.autoscout24.fr/offres/toyota-supra-3-0cc-automatique-gr-essence-rouge-06033141-4d52-42fd-a2f1-d440536bec1c
Toyota Supra 2.0 Turbo GR Automatik Dynamic//KAMERA//NA,"€ 43 999,-",17 000 km,https://www.autoscout24.fr/offres/toyota-supra-2-0-turbo-gr-automatik-dynamic-kamera-na-essence-blanc-5e053443-4e5b-45cc-a408-ef7956fef945
Toyota Supra 2.0 Turbo 1 OF 5!! Fuji Speedway limited edition,"€ 63 500,-",50 000 km,https://www.autoscout24.fr/offres/toyota-supra-2-0-turbo-1-of-5-fuji-speedway-limited-edition-essence-blanc-9ddae7a4-80de-4f71-82f7-06647c6d12b6
Toyota Supra 3.0 Premium auto,"€ 54 470,-",38 200 km,https://www.autoscout24.fr/offres/toyota-supra-3-0-premium-auto-essence-gris-60dc3c36-cf8e-44ff-bb8b-314e0663b8c3
Toyota Supra 2jz-gte,"€ 100 000,-",40 000 km,https://www.autoscout24.fr/offres/toyota-supra-2jz-gte-essence-blanc-515f772f-3f57-4bfe-87be-f7f515f66584
Toyota Supra GR A90 Edition 1/90,"€ 75 000,-",5 000 km,https://www.autoscout24.fr/offres/toyota-supra-gr-a90-edition-1-90-essence-gris-ee351165-adae-4613-8350-634fb5ef1be2
Toyota Supra MK3 3.0i LHD,"€ 15 950,-",78 498 km,https://www.autoscout24.fr/offres/toyota-supra-mk3-3-0i-lhd-essence-blanc-809b13a8-4825-4b4e-a3ce-716735ec1d7e
Toyota Supra 3.0 Legend mit Premium-P/sofort verfügbar!,"€ 55 950,-",8 000 km,https://www.autoscout24.fr/offres/toyota-supra-3-0-legend-mit-premium-p-sofort-verfuegbar-essence-gris-1a8d5e95-7464-4f22-83d1-26a51e0184ca
Toyota Supra 3.0 Turbo H Kennzeichen Aut. Klima,"€ 9 999,-",169 000 km,https://www.autoscout24.fr/offres/toyota-supra-3-0-turbo-h-kennzeichen-aut-klima-essence-argent-6444944f-7e97-4f63-b81e-d3833b7c1c41
"Toyota Supra GR 3,0","€ 59 980,-",12 500 km,https://www.autoscout24.fr/offres/toyota-supra-gr-3-0-essence-rouge-a6ad7158-544d-4211-aae5-bbf22540d971
Toyota Supra GR/PremiumPaket/JBL/HUD/KEY/Navi,"€ 64 330,-",4 500 km,https://www.autoscout24.fr/offres/toyota-supra-gr-premiumpaket-jbl-hud-key-navi-essence-blanc-e93ca684-4583-446d-9670-949fb4c0a223
Toyota Supra 3.0 Turbo 1. Hand / Scheckheft,"€ 16 999,-",242 000 km,https://www.autoscout24.fr/offres/toyota-supra-3-0-turbo-1-hand-scheckheft-essence-rouge-75731813-ad59-4c30-8c70-486c2a8989f0
Toyota Supra GR Legend **PREMIUMPAKET**,"€ 59 990,-",8 200 km,https://www.autoscout24.fr/offres/toyota-supra-gr-legend-premiumpaket-essence-noir-d49747a4-4842-4af3-98d3-ab470beb4975
Toyota Supra GR 2.0 Dynamic Premium Head up Navi SHZ JBL,"€ 46 290,-",15 820 km,https://www.autoscout24.fr/offres/toyota-supra-gr-2-0-dynamic-premium-head-up-navi-shz-jbl-essence-rouge-7c9002d1-724f-4c7b-b2b3-a1360e1572ed
Toyota Supra 2.0 Turbo Sport,"€ 69 950,-",13 000 km,https://www.autoscout24.fr/offres/toyota-supra-2-0-turbo-sport-essence-blanc-00200869-61a9-4338-ba07-abf220ca95b3
Toyota Supra GR 3.0 Legend Premiumpaket Headup SHZ Navi RFK,"€ 62 490,-",2 500 km,https://www.autoscout24.fr/offres/toyota-supra-gr-3-0-legend-premiumpaket-headup-shz-navi-rfk-essence-gris-26522f0d-5aae-4bcf-b56f-334aa855fb83
Toyota Supra GR SUPRA 30 MT LIGHTW MY23,"€ 65 550,-",0 km,https://www.autoscout24.fr/offres/toyota-supra-gr-supra-30-mt-lightw-my23-essence-gris-822dcb7a-43d3-4a74-9ee4-b4a1fe90cbb9
Toyota Supra GR 3.0 Legend (JTSC),"€ 68 219,-",50 km,https://www.autoscout24.fr/offres/toyota-supra-gr-3-0-legend-jtsc-essence-gris-52406327-e3bb-48ac-8100-164525493179
Toyota Supra GR 2.0 Premium Paket HuD+V-LEDER+KAM+LED,"€ 46 950,-",52 km,https://www.autoscout24.fr/offres/toyota-supra-gr-2-0-premium-paket-hud-v-leder-kam-led-essence-gris-7947987f-729f-4562-935b-489c757ae536
Toyota Supra GR 3.0 PREMIUM PAKET KAMERA NAVI LED,"€ 57 900,-",14 000 km,https://www.autoscout24.fr/offres/toyota-supra-gr-3-0-premium-paket-kamera-navi-led-essence-jaune-1d3064d5-729a-41e8-a77f-889336b7ef9c
Toyota Supra GR 3.0 PREMIUM PAKET KAMERA NAVI LED,"€ 57 900,-",14 000 km,https://www.autoscout24.fr/offres/toyota-supra-gr-3-0-premium-paket-kamera-navi-led-essence-jaune-b9ac4747-1283-4d26-a539-2d02f249a386
Toyota Supra GR 2.0 Premium Paket HuD+V-LEDER+KAM+LED,"€ 46 950,-",99 km,https://www.autoscout24.fr/offres/toyota-supra-gr-2-0-premium-paket-hud-v-leder-kam-led-essence-gris-58832670-8af2-4338-b55c-51874e143ad5
Toyota Supra Basis GR (A9),"€ 47 000,-",9 500 km,https://www.autoscout24.fr/offres/toyota-supra-basis-gr-a9-essence-rouge-1937332a-c755-4d41-8697-11d756e050f6
"Toyota Supra GR Legend 3.0 EU6d, AC Schnitzer Paket (Frontsplit","€ 67 790,-",990 km,https://www.autoscout24.fr/offres/toyota-supra-gr-legend-3-0-eu6d-ac-schnitzer-paket-frontsplit-essence-bleu-1aeffbba-1053-43c3-ada3-862d670de86f
Toyota Supra GR  2.0,"€ 49 870,-",18 251 km,https://www.autoscout24.fr/offres/toyota-supra-gr-2-0-essence-gris-30c96e56-8597-42b1-8f45-275cd23b1843
Toyota Supra 3.0 Turbo Sport - Premium Pack(tva récup),"€ 59 990,-",20 000 km,https://www.autoscout24.fr/offres/toyota-supra-3-0-turbo-sport-premium-pack-tva-recup-essence-blanc-ab264cfc-70cd-4c5c-adc9-a1e37b31211d
"Toyota Supra GR 3,0 Aut.","€ 64 990,-",12 800 km,https://www.autoscout24.fr/offres/toyota-supra-gr-3-0-aut-essence-argent-3d3bbb1a-0e87-4f0a-96f4-2cb319b89978
Toyota Supra GR Supra 3.0 Legend Premium Kamera LED JBL ACC,"€ 54 880,-",25 000 km,https://www.autoscout24.fr/offres/toyota-supra-gr-supra-3-0-legend-premium-kamera-led-jbl-acc-essence-rouge-84c8f6eb-583b-4526-a375-f9d266ae9d20
Toyota Supra Targa. Prete a immatriculer.FULL OPTIONS.Etat neuf,"€ 14 000,-",110 361 km,https://www.autoscout24.fr/offres/toyota-supra-targa-prete-a-immatriculer-full-options-etat-neuf-essence-bleu-d11be030-3e0a-4f9b-a5c6-96c86631e29a
"Toyota Supra GR 3,0 Aut. **statt 78.868,-**","€ 72 990,-",3 000 km,https://www.autoscout24.fr/offres/toyota-supra-gr-3-0-aut-statt-78-868-essence-noir-ded8d6e4-dd8a-41fe-9eff-3825e73f9d40
Toyota Supra GR 3.0 Aut. HUD Alcantara Leder SpurH,"€ 67 390,-",8 500 km,https://www.autoscout24.fr/offres/toyota-supra-gr-3-0-aut-hud-alcantara-leder-spurh-essence-noir-79390f86-8cbc-4e12-971b-cba78746b7b2
"Toyota Supra GR 2.0 Turbo Automatik,Speedway,Navi,LED","€ 47 450,-",3 750 km,https://www.autoscout24.fr/offres/toyota-supra-gr-2-0-turbo-automatik-speedway-navi-led-essence-blanc-106be553-2eac-4b49-8861-666079c5cf50
Toyota Supra 3.0LEGEND LEDER PREMIUM SOFORT VERFÜGBAR,"€ 64 850,-",5 275 km,https://www.autoscout24.fr/offres/toyota-supra-3-0legend-leder-premium-sofort-verfuegbar-essence-gris-3765d48c-8156-470f-9036-2ebfb6c0eda2
Toyota Supra 3.0 Legend | Orgineel Nederlands | 340PK | Navi |,"€ 67 900,-",8 733 km,https://www.autoscout24.fr/offres/toyota-supra-3-0-legend-orgineel-nederlands-340pk-navi-essence-rouge-afbcdea5-0248-4e8c-9821-0bc11a51343f
Toyota Supra + Heckflügel und Frontlippe,"€ 72 250,-",50 km,https://www.autoscout24.fr/offres/toyota-supra-heckfluegel-und-frontlippe-essence-gris-7be9c368-f01a-46c0-a5ca-821b2cb095ff
Toyota Supra 2.0 Turbo Sport Automaat,"€ 49 995,-",34 000 km,https://www.autoscout24.fr/offres/toyota-supra-2-0-turbo-sport-automaat-essence-gris-1fb5627f-2c75-48ef-94f7-1cf8717dbe67
Toyota Supra 3.0 Legend Premium | 340PK!! | Automaat | JBL AUDI,,9 211 km,https://www.autoscout24.fr/offres/toyota-supra-3-0-legend-premium-340pk-automaat-jbl-audi-essence-gris-7bd08556-747c-458b-95b3-007c69f0e25a
Toyota Supra Supra GR 3.0 Legend -PREMIUM PAKET-SOFORT VERF.-,"€ 66 990,-",5 km,https://www.autoscout24.fr/offres/toyota-supra-supra-gr-3-0-legend-premium-paket-sofort-verf-essence-gris-891cca06-562e-4f4a-a29d-77164a4d4c03
"Toyota Supra GR 3,0","€ 69 800,-",0 km,https://www.autoscout24.fr/offres/toyota-supra-gr-3-0-essence-jaune-872fa85c-0335-4d41-a61b-583b455e3813
Toyota Supra Celica 2.8i Supra,"€ 12 000,-",250 000 km,https://www.autoscout24.fr/offres/toyota-supra-celica-2-8i-supra-essence-orange-e1669aca-f21e-465f-9485-4ef0b83cfaac
Toyota Supra GR 2.0 SZ-R auto,"€ 52 990,-",1 198 km,https://www.autoscout24.fr/offres/toyota-supra-gr-2-0-sz-r-auto-essence-rouge-db59a4bd-c6f7-4529-9a3f-2b97e961e0a9
Toyota Supra GR 2.0 Automatik *Dynamic + Premium Pak*,"€ 57 728,-",0 km,https://www.autoscout24.fr/offres/toyota-supra-gr-2-0-automatik-dynamic-premium-pak-essence-gris-4c872477-02a7-483c-b9ee-00527ce3061e
"Toyota Supra GR 3,0 inkl. Granturismo Paket","€ 62 500,-",17 730 km,https://www.autoscout24.fr/offres/toyota-supra-gr-3-0-inkl-granturismo-paket-essence-rouge-f0fa7bdb-acef-43b5-92e0-cca25e64df00
Toyota Supra 3.0 RZ Aut *SUPERBOLLO PAGATO,"€ 58 900,-",30 000 km,https://www.autoscout24.fr/offres/toyota-supra-3-0-rz-aut-superbollo-pagato-essence-blanc-eb294a23-d975-4e9e-b6cf-fb5923612f30
Toyota Supra GR SUPRA 30 MT LIGHTW MY23,"€ 65 549,-",0 km,https://www.autoscout24.fr/offres/toyota-supra-gr-supra-30-mt-lightw-my23-essence-blanc-2b0317f5-1bb6-425c-b282-b0770da7b41c
"Toyota Supra GR 3,0 Aut. Jarama Racetrack Edition","€ 73 990,-",1 050 km,https://www.autoscout24.fr/offres/toyota-supra-gr-3-0-aut-jarama-racetrack-edition-essence-bleu-90ce3d0d-1992-4bb0-8b54-9c0a4206113c
Toyota Supra GR 3.0 Legend,"€ 66 860,-",3 100 km,https://www.autoscout24.fr/offres/toyota-supra-gr-3-0-legend-essence-bleu-bb4d3fde-03be-45ea-a142-ddbbf277a1cf
Toyota Supra 3.0 Turbo Handschalter!,"€ 68 500,-",1 500 km,https://www.autoscout24.fr/offres/toyota-supra-3-0-turbo-handschalter-essence-bleu-aea72b34-cdbc-4c05-8f29-77cca1cefafb
Toyota Supra GR 3.0 Legend Modelljahr 2023,"€ 67 777,-",300 km,https://www.autoscout24.fr/offres/toyota-supra-gr-3-0-legend-modelljahr-2023-essence-gris-dce738b0-580d-43c1-859c-ad047b11cc60
Toyota Supra GR 3.0 Aut. DynLi SpurH S-Sitz PDC SpurH,"€ 72 390,-",5 555 km,https://www.autoscout24.fr/offres/toyota-supra-gr-3-0-aut-dynli-spurh-s-sitz-pdc-spurh-essence-gris-37aa2599-0689-4c2e-a761-27ef12dec4ad
Toyota Supra 2.0 - Carplay - LED - Retrocamera,"€ 54 500,-",6 000 km,https://www.autoscout24.fr/offres/toyota-supra-2-0-carplay-led-retrocamera-essence-jaune-a3ab39bd-33fb-4910-a19a-2653392d24e7
Toyota Supra GR 2.0 Speedway Limited Edition +Winterkom,"€ 48 990,-",12 500 km,https://www.autoscout24.fr/offres/toyota-supra-gr-2-0-speedway-limited-edition-winterkom-essence-blanc-d1e8df78-ec8b-4adc-85e8-361d882ae4ad
Toyota Supra GR 2.0 Dynamic *Navi*Leder*HUD*LED*Kamera*,"€ 45 900,-",13 829 km,https://www.autoscout24.fr/offres/toyota-supra-gr-2-0-dynamic-navi-leder-hud-led-kamera-essence-blanc-8526cdce-d708-48d0-b50f-de9a6ffe6836
Toyota Supra GR 3.0 Legend SCHALTUNG AC SCHNITZER PERFORMANCE,"€ 82 899,-",950 km,https://www.autoscout24.fr/offres/toyota-supra-gr-3-0-legend-schaltung-ac-schnitzer-performance-essence-gris-6735bcff-3368-49f6-9382-43fbcb4c9c5c
Toyota Supra GR 3.0 Legend,"€ 71 890,-",2 300 km,https://www.autoscout24.fr/offres/toyota-supra-gr-3-0-legend-essence-gris-84f1e5dc-60f9-49c7-8eae-35cfff5897af
Toyota Supra GR 2.0 SPEEDWAY LIMITED EDITION*SOFORT VERFÜGBAR*,"€ 51 990,-",11 234 km,https://www.autoscout24.fr/offres/toyota-supra-gr-2-0-speedway-limited-edition-sofort-verfuegbar-essence-blanc-07aad073-9149-4866-bd10-cbdc08535d8e
Toyota Supra 3.0 l Twin-Scroll Turbo 6-Gang Legend,"€ 68 420,-",5 000 km,https://www.autoscout24.fr/offres/toyota-supra-3-0-l-twin-scroll-turbo-6-gang-legend-essence-gris-ea7c0d20-9c70-46c6-a917-cba5c928a6bc
Toyota Supra 2.0i AT Sport LHD,"€ 48 990,-",53 125 km,https://www.autoscout24.fr/offres/toyota-supra-2-0i-at-sport-lhd-essence-rouge-e92ad66b-b7f2-4dda-94b4-9956cd582a2e
Toyota Supra Legend GR * Premium-Paket * sofort *,"€ 62 990,-",15 km,https://www.autoscout24.fr/offres/toyota-supra-legend-gr-premium-paket-sofort-essence-gris-1a710171-06e4-468a-b827-f37c14e87957
Toyota Supra 2.0 Twin-Scroll Turbo Launch Premium AT Bestell...,"€ 54 265,-",1 km,https://www.autoscout24.fr/offres/toyota-supra-2-0-twin-scroll-turbo-launch-premium-at-bestell-essence-ffebbee6-59fb-40f4-844e-1b18c6fc35b8
Toyota Supra Supra GR 3.0 Legend -PREMIUM PAKET-SOFORT VERF.-,"€ 66 990,-",5 km,https://www.autoscout24.fr/offres/toyota-supra-supra-gr-3-0-legend-premium-paket-sofort-verf-essence-gris-a8a82c90-5048-4d00-ad76-d9f2b4c397bf
Toyota Supra Performance manual,"€ 71 000,-",1 km,https://www.autoscout24.fr/offres/toyota-supra-performance-manual-essence-bleu-8478c5d4-b375-4b99-9f3d-7795f6201fbc
Toyota Supra ,"€ 67 900,-",0 km,https://www.autoscout24.fr/offres/toyota-supra-essence-2d76f66f-1e17-4506-81bb-09f6bac6244f
"Toyota Supra GR 2,0 Dynamic NAVI LED Kamera Einparkh.","€ 59 890,-",4 927 km,https://www.autoscout24.fr/offres/toyota-supra-gr-2-0-dynamic-navi-led-kamera-einparkh-essence-rouge-42e4871d-b570-4626-a33b-27af3341b2f6
Toyota Supra GR 3.0 Legend,"€ 66 860,-",3 100 km,https://www.autoscout24.fr/offres/toyota-supra-gr-3-0-legend-essence-bleu-7c04ad40-9f92-4505-b18d-3b595a9075a2
Toyota Supra GR 2.0 Automatik *Pure*,"€ 49 917,-",0 km,https://www.autoscout24.fr/offres/toyota-supra-gr-2-0-automatik-pure-essence-jaune-ac86c85f-aa57-4b9c-9522-2467b2f0039c
Toyota Supra GR Supra 2.0 SZ-R Automatica,"€ 50 900,-",6 800 km,https://www.autoscout24.fr/offres/toyota-supra-gr-supra-2-0-sz-r-automatica-essence-blanc-1657c933-1b98-421a-b29b-ee1b495b0d78
Toyota Supra GR 3.0 Legend (JTSC),"€ 63 390,-",150 km,https://www.autoscout24.fr/offres/toyota-supra-gr-3-0-legend-jtsc-essence-bleu-6cb19f2f-7efb-4197-b116-cef84d3a801b
Toyota Supra 2.0 Twin-Scroll Turbo Launch AT Bestellfahrzeug...,"€ 51 525,-",1 km,https://www.autoscout24.fr/offres/toyota-supra-2-0-twin-scroll-turbo-launch-at-bestellfahrzeug-essence-b9cd940b-c90a-488a-ba0c-f3ec94410710
Toyota Supra 3.0 Premium,"€ 63 500,-",1 786 km,https://www.autoscout24.fr/offres/toyota-supra-3-0-premium-essence-rouge-f080a527-dc90-462b-ae25-75423317e59f
Toyota Supra 3.0 Turbo Automatik Legend *sofort*,"€ 66 469,-",0 km,https://www.autoscout24.fr/offres/toyota-supra-3-0-turbo-automatik-legend-sofort-essence-gris-309aab20-48b7-45ac-b6c0-204230368eb6
Toyota Supra GR 3.0 Legend,"€ 70 890,-",20 km,https://www.autoscout24.fr/offres/toyota-supra-gr-3-0-legend-essence-blanc-b2b15e43-6c49-42cf-98f7-e854c3bb073c
Toyota Supra 3.0 Twin-Scroll Turbo Legend Premium Bestellfah...,"€ 64 345,-",1 km,https://www.autoscout24.fr/offres/toyota-supra-3-0-twin-scroll-turbo-legend-premium-bestellfah-essence-1e256a69-4729-44b3-83ac-875372394889
Toyota Supra GR 3.0 Legend (JTSC),"€ 69 990,-",800 km,https://www.autoscout24.fr/offres/toyota-supra-gr-3-0-legend-jtsc-essence-bleu-45cbeac1-341f-4ca5-ab87-abb505b22e9b
Toyota Supra 3.0 Twin-Scroll Turbo Legend Premium Special Ed...,"€ 66 115,-",1 km,https://www.autoscout24.fr/offres/toyota-supra-3-0-twin-scroll-turbo-legend-premium-special-ed-essence-22aaa6c5-25a1-40f1-9f00-5aec0a33f215
Toyota Supra 3.0 Legend Premium,"€ 72 950,-",18 750 km,https://www.autoscout24.fr/offres/toyota-supra-3-0-legend-premium-essence-rouge-6c397c6e-63f8-4148-944b-8e5bdcbb3fb8
Toyota Supra 2.0 Twin-Scroll Turbo Launch AT,"€ 51 360,-",0 km,https://www.autoscout24.fr/offres/toyota-supra-2-0-twin-scroll-turbo-launch-at-essence-blanc-e2b545b1-47ea-4210-8847-fca23115205c
Toyota Supra 3.0,,15 km,https://www.autoscout24.fr/offres/toyota-supra-3-0-essence-gris-17299f1a-0e20-4f92-b8dd-e7619ec4eee8
Toyota Supra 3.0 Legend Premium 340 pk | JBL | Navigatie | LED,"€ 72 949,-",13 370 km,https://www.autoscout24.fr/offres/toyota-supra-3-0-legend-premium-340-pk-jbl-navigatie-led-essence-gris-1532c56a-0fd9-48c7-b38c-e01110a6f219
Toyota Supra GR SUPRA 20 AT SPORT MY23,"€ 56 999,-",0 km,https://www.autoscout24.fr/offres/toyota-supra-gr-supra-20-at-sport-my23-essence-rouge-fce8b1b5-828a-405f-ba75-59b8aef5d1d4
Toyota Supra GR 3.0 Lightweight NUOVA IN PRONTA CONSEGNA,"€ 67 700,-",- km,https://www.autoscout24.fr/offres/toyota-supra-gr-3-0-lightweight-nuova-in-pronta-consegna-essence-blanc-1bd4f95f-8fbd-4b7c-b9b3-4a24d76a10ce
Toyota Supra GR Legend 3.0 EU6d Lightweight HUD Navi Leder Memo,"€ 63 890,-",0 km,https://www.autoscout24.fr/offres/toyota-supra-gr-legend-3-0-eu6d-lightweight-hud-navi-leder-memo-essence-gris-db8016fc-7b43-4ccb-9ac2-32b928ccee51
Toyota Supra GR Legend 3.0 EU6d Leder Memory Sitze Soundsystem,"€ 66 490,-",0 km,https://www.autoscout24.fr/offres/toyota-supra-gr-legend-3-0-eu6d-leder-memory-sitze-soundsystem-essence-gris-a292f4b2-374a-4c12-b47b-77fd2ac7289a
Toyota Supra 3.0 Twin-Scroll Turbo Legend Premium AT Bestell...,"€ 66 285,-",1 km,https://www.autoscout24.fr/offres/toyota-supra-3-0-twin-scroll-turbo-legend-premium-at-bestell-essence-050ad227-6776-4c6e-8640-bcb577b922b1
"Toyota Supra GR 3,0 + Gran Turismo Paket","€ 71 990,-",2 100 km,https://www.autoscout24.fr/offres/toyota-supra-gr-3-0-gran-turismo-paket-essence-gris-80562684-362a-4203-a3a2-f458a62b868a
Toyota Supra GR Legend mit Premium-Paket,"€ 62 450,-",1 250 km,https://www.autoscout24.fr/offres/toyota-supra-gr-legend-mit-premium-paket-essence-rouge-e432cb4d-deb1-43b4-88c2-e0e1d9c10fa1
Toyota Supra GR Legend 3.0 EU6d Leder Memory Sitze Soundsystem,"€ 63 490,-",0 km,https://www.autoscout24.fr/offres/toyota-supra-gr-legend-3-0-eu6d-leder-memory-sitze-soundsystem-essence-gris-f262e7ac-54f1-4e0b-9b2e-8edd6fc95a54
Toyota Supra GR Legend **SCHALTGETRIEBE**,"€ 66 870,-",1 250 km,https://www.autoscout24.fr/offres/toyota-supra-gr-legend-schaltgetriebe-essence-bleu-d392b831-a579-4c79-bb85-b3e80726640c
Toyota Supra GR 3.0 Legend 6-Gang Handschaltung,"€ 69 810,-",5 km,https://www.autoscout24.fr/offres/toyota-supra-gr-3-0-legend-6-gang-handschaltung-essence-gris-24338480-7acd-478d-a474-9e1ec0e74921
Toyota Supra GR 3.0 Legend,"€ 64 990,-",10 km,https://www.autoscout24.fr/offres/toyota-supra-gr-3-0-legend-essence-bleu-0ab75c27-0aec-4d38-9e53-17c20d39a4d7
Toyota Supra GR 2.0 Premium Paket HuD+V-LEDER+KAM+LED,"€ 46 950,-",61 km,https://www.autoscout24.fr/offres/toyota-supra-gr-2-0-premium-paket-hud-v-leder-kam-led-essence-blanc-f55075a5-a871-4a41-a1d4-6169c2c4ab80
Toyota Supra GR 3.0 Legend,"€ 66 960,-",2 599 km,https://www.autoscout24.fr/offres/toyota-supra-gr-3-0-legend-essence-bleu-4d9644b6-666c-4fc8-8276-562e027edfcc
Toyota Supra 2.0B Sport AT,"€ 57 200,-",- km,https://www.autoscout24.fr/offres/toyota-supra-2-0b-sport-at-essence-blanc-7e4e7d6c-93c7-42d0-a20c-655455d9f15a
Toyota Supra Supra 3.0i Turbo,"€ 15 900,-",235 300 km,https://www.autoscout24.fr/offres/toyota-supra-supra-3-0i-turbo-essence-rouge-76f286e1-6eae-44dd-805a-81f81dcdc117
Toyota Supra 2.0 Launch Premium Automaat 258PK,"€ 59 400,-",7 548 km,https://www.autoscout24.fr/offres/toyota-supra-2-0-launch-premium-automaat-258pk-essence-blanc-df717bee-1dec-4aa4-83cb-e7db192b51d8
Toyota Supra GR 3.0 Legend Handschalter Navi Sportsitze Leder M,"€ 64 490,-",300 km,https://www.autoscout24.fr/offres/toyota-supra-gr-3-0-legend-handschalter-navi-sportsitze-leder-m-essence-bleu-96f06720-4b71-4335-bd67-59061d5a37ac
Toyota Supra 2.0 GR DYNAMIC MK5*LEDER*LED*SHZ*10J. GARANTIE*,"€ 54 890,-",0 km,https://www.autoscout24.fr/offres/toyota-supra-2-0-gr-dynamic-mk5-leder-led-shz-10j-garantie-essence-blanc-2eeedce7-1d81-4cd6-af9b-95dbf512f865
Toyota Supra GR Dynamic Premium Leder digitales Cockpit Memory,"€ 57 490,-",0 km,https://www.autoscout24.fr/offres/toyota-supra-gr-dynamic-premium-leder-digitales-cockpit-memory-essence-blanc-aa2ff36d-c132-4002-9bc4-15849b69dbca
Toyota Supra GR 3.0 Handschalter *Legend*,"€ 66 468,-",0 km,https://www.autoscout24.fr/offres/toyota-supra-gr-3-0-handschalter-legend-essence-bleu-07536476-0502-4ecc-98c1-078b6e900983
Toyota Supra GR 2.0 Pure,"€ 53 885,-",5 km,https://www.autoscout24.fr/offres/toyota-supra-gr-2-0-pure-essence-gris-9939c61b-3afd-4b76-8b06-293cb2095c9a
Toyota Supra GR 3.0 Legend MT 6-Gang AC-SCHNITZER,"€ 67 930,-",5 000 km,https://www.autoscout24.fr/offres/toyota-supra-gr-3-0-legend-mt-6-gang-ac-schnitzer-essence-gris-b06373b6-7cc8-4246-8a53-0580e23f0c07
Toyota Supra GR 2.0 B A SZ-R,"€ 50 000,-",2 511 km,https://www.autoscout24.fr/offres/toyota-supra-gr-2-0-b-a-sz-r-essence-jaune-993bcf80-b8ca-4e52-9591-e2ff8120fabd
Toyota Supra GR 2.0 Dynamic,"€ 56 450,-",0 km,https://www.autoscout24.fr/offres/toyota-supra-gr-2-0-dynamic-essence-jaune-3d70f083-99ff-40e6-be18-89ce8ab65856
Toyota Supra Legend GR *AC-SCHNITZER*Schaltgetriebe *Sofort*,"€ 66 890,-",300 km,https://www.autoscout24.fr/offres/toyota-supra-legend-gr-ac-schnitzer-schaltgetriebe-sofort-essence-gris-7288371e-502b-4c05-8931-384209242586
Toyota Supra 3.0L AT Sport + Premium Pack !,"€ 63 950,-",10 km,https://www.autoscout24.fr/offres/toyota-supra-3-0l-at-sport-premium-pack-essence-gris-05845fc3-98ee-4f5c-b752-29305a9fe540
"Toyota Supra GR Legend 3,0 **AC SCHNITZER**","€ 72 790,-",10 km,https://www.autoscout24.fr/offres/toyota-supra-gr-legend-3-0-ac-schnitzer-essence-bleu-77ce9dc7-8b0c-4ac2-a23c-bde38bb2ee04
Toyota Supra 3.0,,3 418 km,https://www.autoscout24.fr/offres/toyota-supra-3-0-essence-noir-2385ed4b-2ed5-4409-a4f5-2d834f2d4118
Toyota Supra GR 3.0 Automatik *Legend*,"€ 64 352,-",0 km,https://www.autoscout24.fr/offres/toyota-supra-gr-3-0-automatik-legend-essence-rouge-7ea0e99d-bd1c-45aa-99c3-ea098083b269
Toyota Supra GR Dynamic 2.0 Leder digitales CockpitACC Sportpak,"€ 54 890,-",0 km,https://www.autoscout24.fr/offres/toyota-supra-gr-dynamic-2-0-leder-digitales-cockpitacc-sportpak-essence-blanc-2d8a5c74-507b-414a-91ed-d5117f369144
Toyota Supra GR 3.0 Automatik *Legend*,"€ 64 352,-",0 km,https://www.autoscout24.fr/offres/toyota-supra-gr-3-0-automatik-legend-essence-rouge-7ea0e99d-bd1c-45aa-99c3-ea098083b269
Toyota Supra LEGEND 3.0 PREMIUM PAKET SOFORT VERFÜGBAR,"€ 65 850,-",1 100 km,https://www.autoscout24.fr/offres/toyota-supra-legend-3-0-premium-paket-sofort-verfuegbar-essence-blanc-e3ba3350-04cf-4a9e-ae13-5f28ee8985a9
"Toyota Supra Legend 3.0 Automatik,Premium-Paket","€ 64 990,-",10 km,https://www.autoscout24.fr/offres/toyota-supra-legend-3-0-automatik-premium-paket-essence-bleu-f78c439f-b95d-4d79-b856-ca5031a7894f
Toyota Supra Sport+PREMIUM PACK,"€ 49 750,-",15 758 km,https://www.autoscout24.fr/offres/toyota-supra-sport-premium-pack-essence-gris-e9b841b1-56df-4266-8ade-8b692a5c18da
Toyota Supra 2.0B Sport AT,"€ 58 000,-",1 km,https://www.autoscout24.fr/offres/toyota-supra-2-0b-sport-at-essence-blanc-c5085f43-39d0-4356-9211-492e3dd0fa96
Toyota Supra GR 3.0 Automatik *Legend + Premium Pak*,"€ 66 468,-",0 km,https://www.autoscout24.fr/offres/toyota-supra-gr-3-0-automatik-legend-premium-pak-essence-blanc-c892d62e-d3a5-4fa4-838a-e492e94aa562
Toyota Supra GR Legend 3.0 * HANDSCHALTUNG * AC SCHNITZER * PER,"€ 82 890,-",10 km,https://www.autoscout24.fr/offres/toyota-supra-gr-legend-3-0-handschaltung-ac-schnitzer-per-essence-mauve-2a49fcfa-c488-4e90-8203-72fd12850e6d
Toyota Supra 3.0 GR Legend*JBL*CarPlay*Memory*LED*LEDER,"€ 58 950,-",43 250 km,https://www.autoscout24.fr/offres/toyota-supra-3-0-gr-legend-jbl-carplay-memory-led-leder-essence-noir-8e76205a-843c-4956-bfd9-0e45739e171a
Toyota Supra GR 3.0 Automatik *Legend*,"€ 63 717,-",0 km,https://www.autoscout24.fr/offres/toyota-supra-gr-3-0-automatik-legend-essence-jaune-1c2e44c7-17cb-454e-91e7-cb03175088a5
Toyota Supra GR Legend MK5 3.0*PREMIUM*JBL*HUD*SAFETY+*10J.GARA,"€ 65 490,-",0 km,https://www.autoscout24.fr/offres/toyota-supra-gr-legend-mk5-3-0-premium-jbl-hud-safety-10j-gara-essence-blanc-d0be0fd5-f0e4-407f-a5a3-b71bb6f2d6b3
Toyota Supra GR 3.0 Handschalter *Legend*,"€ 66 468,-",0 km,https://www.autoscout24.fr/offres/toyota-supra-gr-3-0-handschalter-legend-essence-blanc-49533c0c-eed1-4109-8848-47bf331c7b0e
Toyota Supra 3.0 GR MK5 MOONSTONE EDITION*SCHALTER*HUD*SHZ*10J.,"€ 68 890,-",0 km,https://www.autoscout24.fr/offres/toyota-supra-3-0-gr-mk5-moonstone-edition-schalter-hud-shz-10j-essence-blanc-41ffc5a2-fc66-43f6-b4fe-fff19eb5cdf9
Toyota Supra GR 3.0 Legend (JTSC),"€ 66 748,-",30 km,https://www.autoscout24.fr/offres/toyota-supra-gr-3-0-legend-jtsc-essence-jaune-7f3d6a58-4db1-42c7-baf5-da7d9f2ac92f
Toyota Supra GR Legend 3.0 EU6d Premium HUD Navi Leder Memory S,"€ 65 490,-",0 km,https://www.autoscout24.fr/offres/toyota-supra-gr-legend-3-0-eu6d-premium-hud-navi-leder-memory-s-essence-blanc-505902de-e725-413b-8cea-d761811829f7
Toyota Supra GR 3.0 Legend *Navi*Leder*Keyless*,"€ 70 299,-",10 km,https://www.autoscout24.fr/offres/toyota-supra-gr-3-0-legend-navi-leder-keyless-essence-bleu-34080876-e6b2-47d2-af32-32170c90861b
Toyota Supra GR 3.0 Handschalter *Moonstone Edition*,"€ 67 765,-",0 km,https://www.autoscout24.fr/offres/toyota-supra-gr-3-0-handschalter-moonstone-edition-essence-blanc-6aa1aba4-a7d5-43d8-8a47-321fa45d8efb
Toyota Supra GR 3.0 Automatik *Legend + Premium Pak*,"€ 66 468,-",0 km,https://www.autoscout24.fr/offres/toyota-supra-gr-3-0-automatik-legend-premium-pak-essence-gris-b38b9d2a-540c-463d-b4f6-96122922b41d
Toyota Supra 2.0 Twin-Scroll Turbo Launch AT,"€ 51 810,-",0 km,https://www.autoscout24.fr/offres/toyota-supra-2-0-twin-scroll-turbo-launch-at-essence-blanc-c9330644-1bfe-45e2-b8c5-02eafa8ccd21
"Toyota Supra 3,0 l Twin-Scroll Turbo Legend Premiumpaket","€ 72 133,-",0 km,https://www.autoscout24.fr/offres/toyota-supra-3-0-l-twin-scroll-turbo-legend-premiumpaket-essence-blanc-a22dc654-d056-4b6f-9a98-fb09ce6109f7
Toyota Supra 2.0 Turbo Dynamic*Premium Paket,"€ 56 990,-",0 km,https://www.autoscout24.fr/offres/toyota-supra-2-0-turbo-dynamic-premium-paket-essence-blanc-21e0c347-410d-4b51-aaeb-3bab92672763
Toyota Supra GR 3.0,"€ 70 550,-",- km,https://www.autoscout24.fr/offres/toyota-supra-gr-3-0-essence-noir-03dd8894-1e01-4e7b-9112-a62b41cbff2e
Toyota Supra GR 3.0 Legend *Premium Paket*,"€ 64 690,-",10 km,https://www.autoscout24.fr/offres/toyota-supra-gr-3-0-legend-premium-paket-essence-gris-b69a609d-03e2-49cd-8779-488bb5a5fa48
Toyota Supra GR 2.0 Dynamic - Premium Paket,"€ 58 910,-",5 km,https://www.autoscout24.fr/offres/toyota-supra-gr-2-0-dynamic-premium-paket-essence-blanc-e02b370e-deca-4c1d-9094-f478a5775f8c
Toyota Supra GR 3.0 Handschalter *Legend Leightweight*,"€ 62 429,-",0 km,https://www.autoscout24.fr/offres/toyota-supra-gr-3-0-handschalter-legend-leightweight-essence-jaune-61b6fc96-a840-427c-ba33-c341054cc432
Toyota Supra GR 3.0 Handschalter *Legend*,"€ 65 557,-",0 km,https://www.autoscout24.fr/offres/toyota-supra-gr-3-0-handschalter-legend-essence-jaune-63a7f398-abdc-48ef-bdd5-ce6ad6f26cf4
Toyota Supra 3.0 Legend*Premium Paket,"€ 63 350,-",0 km,https://www.autoscout24.fr/offres/toyota-supra-3-0-legend-premium-paket-essence-blanc-e5ca3d8a-8791-4b0b-952c-d882c37f687e
Toyota Supra GR 3.0,"€ 69 850,-",- km,https://www.autoscout24.fr/offres/toyota-supra-gr-3-0-essence-jaune-1cc5bcae-798f-4892-b335-e21b74daf360
Toyota Supra GR 3.0 Automatik Legend (JTSC),"€ 69 850,-",0 km,https://www.autoscout24.fr/offres/toyota-supra-gr-3-0-automatik-legend-jtsc-essence-gris-364f9e3f-f663-4cb6-abc0-6596bd7252aa
Toyota Supra GR 3.0,"€ 70 250,-",- km,https://www.autoscout24.fr/offres/toyota-supra-gr-3-0-essence-rouge-131291c4-c1f6-4237-a106-67a8858dd452
Toyota Supra GR 3.0 Legend,"€ 60 990,-",12 800 km,https://www.autoscout24.fr/offres/toyota-supra-gr-3-0-legend-essence-jaune-ad0d8f63-58ba-4c96-87ab-151383841427
Toyota Supra GR Legend 3.0 EU6d Moonstone  Edition  Navi Leder,"€ 68 890,-",0 km,https://www.autoscout24.fr/offres/toyota-supra-gr-legend-3-0-eu6d-moonstone-edition-navi-leder-essence-blanc-8588d8ae-6fe8-4e87-9711-8f7e79c96625
Toyota Supra 3.0B MANUALE Lightweight,"€ 63 700,-",- km,https://www.autoscout24.fr/offres/toyota-supra-3-0b-manuale-lightweight-essence-blanc-6acb7aca-0839-45fa-ad38-876ca31e3b6d
Toyota Supra 3.0 Tbo Sport,"€ 53 500,-",142 000 km,https://www.autoscout24.fr/offres/toyota-supra-3-0-tbo-sport-essence-noir-36754581-b1f6-4ce1-9dc2-e99c437bad7b
Toyota Supra 3.0i,"€ 10 900,-",77 172 km,https://www.autoscout24.fr/offres/toyota-supra-3-0i-essence-noir-ee0179cf-324b-4adb-8bae-4c446c943a87
Toyota Supra GR Legend 3.0 Premium-Paket + JBL + HUD ACC,"€ 71 830,-",50 km,https://www.autoscout24.fr/offres/toyota-supra-gr-legend-3-0-premium-paket-jbl-hud-acc-essence-gris-782ea090-89b9-4db7-a08a-a0df400fde93
Toyota Supra GR supra 2.0 SZ-R auto,"€ 49 000,-",37 000 km,https://www.autoscout24.fr/offres/toyota-supra-gr-supra-2-0-sz-r-auto-essence-jaune-19957917-11f6-48b2-9ac0-0bda395e8773
Toyota Supra GR 2.0 SZ-R auto,"€ 50 070,-",52 km,https://www.autoscout24.fr/offres/toyota-supra-gr-2-0-sz-r-auto-essence-gris-18247826-31b9-4d62-b8f7-58a878f55f00
Toyota Supra GR 3.0 Legend A90 Edition Matrix LED HuD Navi D...,"€ 55 940,-",16 480 km,https://www.autoscout24.fr/offres/toyota-supra-gr-3-0-legend-a90-edition-matrix-led-hud-navi-d-essence-noir-9503a77e-5408-4958-81e3-79cf604e2430
Toyota Supra GR  2.0B A Fuji Speedaway,"€ 57 900,-",- km,https://www.autoscout24.fr/offres/toyota-supra-gr-2-0b-a-fuji-speedaway-essence-gris-0a85e0e1-8c77-485b-a2da-c457af9add79
Toyota Supra GR  2.0B A SZ-R,"€ 55 900,-",- km,https://www.autoscout24.fr/offres/toyota-supra-gr-2-0b-a-sz-r-essence-gris-5c55ae46-f53b-4498-9057-65cb5a2d292d
Toyota Supra GR  2.0B A Fuji Speedaway,"€ 57 900,-",- km,https://www.autoscout24.fr/offres/toyota-supra-gr-2-0b-a-fuji-speedaway-essence-gris-55bcd773-1ad9-4cbb-8b10-cddf85c58814
Toyota Supra GR  2.0B A Fuji Speedaway,"€ 57 900,-",- km,https://www.autoscout24.fr/offres/toyota-supra-gr-2-0b-a-fuji-speedaway-essence-gris-5fb1a993-63e9-4d4b-a225-1d2ce0b8afe4
Toyota Supra GR  2.0B A Fuji Speedaway,"€ 57 900,-",- km,https://www.autoscout24.fr/offres/toyota-supra-gr-2-0b-a-fuji-speedaway-essence-gris-074edfd5-a9f0-47fc-a879-66259f6849cc
Toyota Supra GR  2.0B A SZ-R,"€ 55 900,-",- km,https://www.autoscout24.fr/offres/toyota-supra-gr-2-0b-a-sz-r-essence-gris-23f1dde2-b0fd-4f37-80f2-b972fa77fb89
Toyota Supra GR  2.0B A Fuji Speedaway,"€ 57 900,-",- km,https://www.autoscout24.fr/offres/toyota-supra-gr-2-0b-a-fuji-speedaway-essence-gris-fb84540a-eb13-497d-9a0a-da6e77e38a9c
Toyota Supra GR  2.0B A Fuji Speedaway,"€ 57 900,-",- km,https://www.autoscout24.fr/offres/toyota-supra-gr-2-0b-a-fuji-speedaway-essence-gris-7f094700-7a76-4b19-aa7d-a19ae8ceffd0
Toyota Supra GR  2.0B A SZ-R,"€ 55 900,-",- km,https://www.autoscout24.fr/offres/toyota-supra-gr-2-0b-a-sz-r-essence-gris-f222fe5f-9d57-4069-89a5-cd342c2e0211
Toyota Supra GR  2.0B A Fuji Speedaway,"€ 57 900,-",- km,https://www.autoscout24.fr/offres/toyota-supra-gr-2-0b-a-fuji-speedaway-essence-gris-7a7e32ee-a38f-40a9-b5b7-8bf8f6074700
Toyota Supra GR  2.0B A Fuji Speedaway,"€ 57 900,-",- km,https://www.autoscout24.fr/offres/toyota-supra-gr-2-0b-a-fuji-speedaway-essence-gris-7285b979-2aef-46d4-a11d-299e0fb240ef
Toyota Supra GR  2.0B A Fuji Speedaway,"€ 57 900,-",- km,https://www.autoscout24.fr/offres/toyota-supra-gr-2-0b-a-fuji-speedaway-essence-gris-ae199eed-62b9-44b3-ae93-e67290239126
Toyota Supra GR  2.0B A SZ-R,"€ 55 900,-",- km,https://www.autoscout24.fr/offres/toyota-supra-gr-2-0b-a-sz-r-essence-gris-8c170c1a-6aa7-4959-9f15-8962722b76e2
Toyota Supra GR  2.0B A SZ-R,"€ 55 900,-",- km,https://www.autoscout24.fr/offres/toyota-supra-gr-2-0b-a-sz-r-essence-gris-c4ac9726-e71d-4015-81d1-4321c390f371
Toyota Supra GR  2.0B A SZ-R,"€ 55 900,-",- km,https://www.autoscout24.fr/offres/toyota-supra-gr-2-0b-a-sz-r-essence-gris-03ec1422-cad6-4f88-a527-028480f51a59
Toyota Supra GR  2.0B A Fuji Speedaway,"€ 57 900,-",- km,https://www.autoscout24.fr/offres/toyota-supra-gr-2-0b-a-fuji-speedaway-essence-gris-193c17c2-cc33-4bfd-ba36-b41ee9cde333
Toyota Supra GR  2.0B A Fuji Speedaway,"€ 57 900,-",- km,https://www.autoscout24.fr/offres/toyota-supra-gr-2-0b-a-fuji-speedaway-essence-gris-85da50a7-34cc-4b39-9da8-ce189d35ce73
Toyota Supra GR  2.0B A Fuji Speedaway,"€ 57 900,-",- km,https://www.autoscout24.fr/offres/toyota-supra-gr-2-0b-a-fuji-speedaway-essence-gris-5caa03c3-51ea-4a41-90bf-6dd4a700991b
Toyota Supra GR  2.0B A Fuji Speedaway,"€ 57 900,-",- km,https://www.autoscout24.fr/offres/toyota-supra-gr-2-0b-a-fuji-speedaway-essence-gris-3df44194-054f-42e6-b452-5903d2998921
Toyota Supra GR  2.0B A SZ-R,"€ 55 900,-",- km,https://www.autoscout24.fr/offres/toyota-supra-gr-2-0b-a-sz-r-essence-gris-0dd35df5-8cfe-47ad-918e-1801a600f0dc
Toyota Supra GR  2.0B A Fuji Speedaway,"€ 57 900,-",- km,https://www.autoscout24.fr/offres/toyota-supra-gr-2-0b-a-fuji-speedaway-essence-gris-4eb8c3cb-7d1a-464f-9941-428656c5f5b2
Toyota Supra GR  2.0B A Fuji Speedaway,"€ 57 900,-",- km,https://www.autoscout24.fr/offres/toyota-supra-gr-2-0b-a-fuji-speedaway-essence-gris-4cd948b1-240d-4aa1-bf9f-809c05c1e73b
Toyota Supra GR  2.0B A SZ-R,"€ 55 900,-",- km,https://www.autoscout24.fr/offres/toyota-supra-gr-2-0b-a-sz-r-essence-gris-c5f67c8f-cce5-4b1e-80ba-e09045de8ffe
Toyota Supra GR  2.0B A SZ-R,"€ 55 900,-",- km,https://www.autoscout24.fr/offres/toyota-supra-gr-2-0b-a-sz-r-essence-gris-5810774b-8354-4b94-8e6d-d050d896f150
Toyota Supra GR  2.0B A Fuji Speedaway,"€ 57 900,-",- km,https://www.autoscout24.fr/offres/toyota-supra-gr-2-0b-a-fuji-speedaway-essence-gris-9e3d9ae1-a8fe-4542-9a9f-ac0f6494b716
Toyota Supra GR  2.0B A Fuji Speedaway,"€ 57 900,-",- km,https://www.autoscout24.fr/offres/toyota-supra-gr-2-0b-a-fuji-speedaway-essence-gris-ac97c6fc-9f03-4b5d-8bbb-9591619e8b17
Toyota Supra GR  2.0B A Fuji Speedaway,"€ 57 900,-",- km,https://www.autoscout24.fr/offres/toyota-supra-gr-2-0b-a-fuji-speedaway-essence-gris-e8213b29-929c-4452-b37d-91b279e0e441
Toyota Supra 3.0 Turbo Legend *AC SCHNITZER*,"€ 73 980,-",100 km,https://www.autoscout24.fr/offres/toyota-supra-3-0-turbo-legend-ac-schnitzer-essence-gris-044ac52c-c81a-4ce9-b709-8452c2896240
Toyota Supra GR  2.0B A SZ-R,"€ 55 900,-",- km,https://www.autoscout24.fr/offres/toyota-supra-gr-2-0b-a-sz-r-essence-gris-f7da3ebf-4f21-47dc-b9ae-d54c187a2541
Toyota Supra GR  2.0B A Fuji Speedaway,"€ 57 900,-",- km,https://www.autoscout24.fr/offres/toyota-supra-gr-2-0b-a-fuji-speedaway-essence-gris-560e9486-b788-4c74-8405-42036e9daf27
Toyota Supra twin turbo v160,"€ 59 999,-",130 273 km,https://www.autoscout24.fr/offres/toyota-supra-twin-turbo-v160-essence-noir-7375989d-772f-4820-a191-3e6c61b50732
Toyota Supra 3.0 na 5-versnellingsbak,"€ 37 950,-",171 000 km,https://www.autoscout24.fr/offres/toyota-supra-3-0-na-5-versnellingsbak-essence-noir-86f8c078-aa8c-4dc3-996e-72f884a73d42
Toyota Supra GR  3.0B A Premium,"€ 51 500,-",22 500 km,https://www.autoscout24.fr/offres/toyota-supra-gr-3-0b-a-premium-essence-jaune-f5652b27-894f-416b-a942-c6ee6a67398f
Toyota Supra Turbo | Handgeschakeld | 900PK | Targa,"€ 99 000,-",188 588 km,https://www.autoscout24.fr/offres/toyota-supra-turbo-handgeschakeld-900pk-targa-essence-noir-620083b1-0cfe-4b1a-b41b-6b0438007396
Toyota Supra 2JZ-GE W58 5-bak,"€ 31 995,-",126 000 km,https://www.autoscout24.fr/offres/toyota-supra-2jz-ge-w58-5-bak-essence-blanc-db9b6bd0-6855-421c-97ee-3eb62dff7040
Toyota Supra 3.0i Turbo 6 Speed Manual LHD Targa,"€ 139 950,-",85 666 km,https://www.autoscout24.fr/offres/toyota-supra-3-0i-turbo-6-speed-manual-lhd-targa-essence-gris-4382306c-e048-45c2-a66d-d9397c96e4da
